c56bd6,139.224.112.121,GET,https://catalog.digitallatin.org/dll-work/W868,1722530512,c56bd6,503,request
043c5d,66.249.70.173,GET,https://catalog.digitallatin.org/dll-web-page,1722530512,043c5d,503,request
5deefc,47.128.34.89,GET,https://catalog.digitallatin.org/taxonomy/term/2760?page=758,1722530512,5deefc,503,request
ebbad9,185.191.171.4,GET,https://catalog.digitallatin.org/dll-author/A5502,1722530512,ebbad9,503,request
20c130,66.249.70.172,GET,https://catalog.digitallatin.org/dll-author/a5499,1722530513,20c130,503,request
f4be46,173.252.83.14,GET,https://catalog.digitallatin.org/authority-record/30500,1722530521,f4be46,503,request
0e24ca,146.70.177.244,GET,https://catalog.digitallatin.org/admin/reports/dblog,1722530527,0e24ca,200,request
c87e0d,146.70.177.244,GET,https://catalog.digitallatin.org/admin/reports/dblog,1722530527,0e24ca,200,request
ac4302,146.70.177.244,GET,https://catalog.digitallatin.org/admin/reports/dblog,1722530527,0e24ca,200,request
81d603,146.70.177.244,GET,https://catalog.digitallatin.org/admin/reports/dblog,1722530527,0e24ca,200,request
13ca1b,146.70.177.244,GET,https://catalog.digitallatin.org/admin/reports/dblog,1722530527,0e24ca,200,request
2ccd84,146.70.177.244,GET,https://catalog.digitallatin.org/admin/reports/dblog,1722530527,0e24ca,200,request
4d79c0,146.70.177.244,GET,https://catalog.digitallatin.org/admin/reports/dblog,1722530528,0e24ca,200,request
a616b8,146.70.177.244,GET,https://catalog.digitallatin.org/admin/reports/dblog,1722530528,0e24ca,200,request
9bbaad,146.70.177.244,GET,https://catalog.digitallatin.org/admin/reports/dblog,1722530528,0e24ca,200,request
75829e,146.70.177.244,GET,https://catalog.digitallatin.org/,1722530545,75829e,200,request
1173df,146.70.177.244,GET,https://catalog.digitallatin.org/,1722530545,75829e,200,request
231ba2,146.70.177.244,GET,https://catalog.digitallatin.org/,1722530545,75829e,200,request
5d56e7,146.70.177.244,GET,https://catalog.digitallatin.org/,1722530545,75829e,200,request
a89695,146.70.177.244,GET,https://catalog.digitallatin.org/,1722530545,75829e,200,request
fbee35,146.70.177.244,GET,https://catalog.digitallatin.org/,1722530545,75829e,200,request
b49760,146.70.177.244,GET,https://catalog.digitallatin.org/,1722530545,75829e,200,request
22164e,146.70.177.244,POST,https://catalog.digitallatin.org/history/9938/read,1722530546,22164e,200,request
e431a8,146.70.177.244,GET,https://catalog.digitallatin.org/,1722530551,e431a8,200,request
d7aa55,146.70.177.244,GET,https://catalog.digitallatin.org/,1722530551,e431a8,200,request
9a55e3,146.70.177.244,GET,https://catalog.digitallatin.org/,1722530551,e431a8,200,request
be883c,146.70.177.244,GET,https://catalog.digitallatin.org/,1722530551,e431a8,200,request
b31e96,146.70.177.244,GET,https://catalog.digitallatin.org/,1722530551,e431a8,200,request
83bb30,146.70.177.244,GET,https://catalog.digitallatin.org/,1722530551,e431a8,200,request
e320f1,146.70.177.244,GET,https://catalog.digitallatin.org/,1722530551,e431a8,200,request
478166,146.70.177.244,POST,https://catalog.digitallatin.org/history/9938/read,1722530551,478166,200,request
9504d9,146.70.177.244,GET,https://catalog.digitallatin.org/,1722530553,9504d9,200,request
032f14,146.70.177.244,GET,https://catalog.digitallatin.org/,1722530553,9504d9,200,request
d1b189,146.70.177.244,GET,https://catalog.digitallatin.org/,1722530553,9504d9,200,request
2d0d0f,146.70.177.244,GET,https://catalog.digitallatin.org/,1722530553,9504d9,200,request
ff7616,146.70.177.244,GET,https://catalog.digitallatin.org/,1722530553,9504d9,200,request
82c932,146.70.177.244,GET,https://catalog.digitallatin.org/,1722530553,9504d9,200,request
69ed3d,146.70.177.244,GET,https://catalog.digitallatin.org/,1722530553,9504d9,200,request
5bf407,146.70.177.244,POST,https://catalog.digitallatin.org/history/9938/read,1722530554,5bf407,200,request
3b981a,66.249.70.173,GET,https://catalog.digitallatin.org/dll-author/A4898,1722530560,3b981a,503,request
b25cff,185.191.171.15,GET,https://catalog.digitallatin.org/taxonomy/term/1479?page=4,1722530573,b25cff,503,request
3950ce,66.249.70.173,GET,https://catalog.digitallatin.org/dll-author/A6183,1722530585,3950ce,503,request
7ae39b,40.77.167.22,GET,https://catalog.digitallatin.org/dll-author/A4879,1722530594,7ae39b,503,request
12270a,69.162.124.233,GET,https://catalog.digitallatin.org/,1722530621,12270a,503,request
4c5b6b,185.191.171.12,GET,https://catalog.digitallatin.org/dll-work/W544,1722530634,4c5b6b,503,request
9a7cc9,66.249.70.173,GET,https://catalog.digitallatin.org/dll-author/a5129?page=1,1722530642,9a7cc9,503,request
b38921,173.252.83.41,GET,https://catalog.digitallatin.org/dll-author/A4838,1722530684,b38921,503,request
f809cb,185.191.171.11,GET,https://catalog.digitallatin.org/dll-item-record/IR945,1722530696,f809cb,503,request
092fd8,66.249.70.173,GET,https://catalog.digitallatin.org/dll-author/a5727,1722530703,092fd8,503,request
5d2e59,47.128.53.81,GET,https://catalog.digitallatin.org/taxonomy/term/2760?page=641,1722530743,5d2e59,503,request
13c2f8,85.208.96.195,GET,https://catalog.digitallatin.org/taxonomy/term/1349?page=3,1722530756,13c2f8,503,request
7717f5,139.224.112.121,GET,https://catalog.digitallatin.org/dll-work/W797,1722530785,7717f5,503,request
71d31f,207.46.13.141,GET,https://catalog.digitallatin.org/dll-author/A3236,1722530787,71d31f,503,request
9900e6,85.208.96.205,GET,https://catalog.digitallatin.org/authority-record/29167,1722530817,9900e6,503,request
c524d3,66.249.70.172,GET,https://catalog.digitallatin.org/dll-work/w966?format=json-ld,1722530823,c524d3,503,request
bbc60c,185.191.171.7,GET,https://catalog.digitallatin.org/dll-work/W3480,1722530878,bbc60c,503,request
44e754,66.249.70.172,GET,https://catalog.digitallatin.org/dll-web-page/wp1618,1722530884,44e754,503,request
8e734e,146.70.177.244,GET,https://catalog.digitallatin.org/admin/config,1722530903,8e734e,200,request
2052b0,146.70.177.244,GET,https://catalog.digitallatin.org/admin/config,1722530903,8e734e,200,request
33e872,146.70.177.244,GET,https://catalog.digitallatin.org/admin/config,1722530903,8e734e,200,request
d6eae1,146.70.177.244,GET,https://catalog.digitallatin.org/admin/config,1722530903,8e734e,200,request
4e0364,146.70.177.244,GET,https://catalog.digitallatin.org/admin/config,1722530903,8e734e,200,request
cdacb1,146.70.177.244,GET,https://catalog.digitallatin.org/admin/config,1722530903,8e734e,200,request
6e68ee,146.70.177.244,GET,https://catalog.digitallatin.org/admin/config,1722530903,8e734e,200,request
b44f7b,146.70.177.244,GET,https://catalog.digitallatin.org/admin/config,1722530903,8e734e,200,request
5e4270,146.70.177.244,GET,https://catalog.digitallatin.org/admin/config,1722530903,8e734e,200,request
9995ba,146.70.177.244,GET,https://catalog.digitallatin.org/admin/modules,1722530911,9995ba,200,request
32cbce,69.162.124.233,GET,https://catalog.digitallatin.org/,1722530921,32cbce,503,request
863651,146.70.177.244,GET,https://catalog.digitallatin.org/admin/modules/uninstall,1722530923,863651,200,request
c598f2,146.70.177.244,GET,https://catalog.digitallatin.org/admin/modules/uninstall,1722530923,863651,200,request
afe0a9,146.70.177.244,GET,https://catalog.digitallatin.org/admin/modules/uninstall,1722530923,863651,200,request
071b28,146.70.177.244,GET,https://catalog.digitallatin.org/admin/modules/uninstall,1722530923,863651,200,request
bb9ab7,146.70.177.244,GET,https://catalog.digitallatin.org/admin/modules/uninstall,1722530923,863651,200,request
0bda49,146.70.177.244,GET,https://catalog.digitallatin.org/admin/modules/uninstall,1722530923,863651,200,request
8523e1,146.70.177.244,GET,https://catalog.digitallatin.org/admin/modules/uninstall,1722530923,863651,200,request
c1fca5,146.70.177.244,GET,https://catalog.digitallatin.org/admin/modules/uninstall,1722530923,863651,200,request
a7c33c,146.70.177.244,GET,https://catalog.digitallatin.org/admin/modules/uninstall,1722530923,863651,200,request
34a413,146.70.177.244,GET,https://catalog.digitallatin.org/admin/modules/uninstall,1722530923,863651,200,request
763b11,146.70.177.244,GET,https://catalog.digitallatin.org/admin/modules/uninstall,1722530923,863651,200,request
c0bd53,146.70.177.244,GET,https://catalog.digitallatin.org/admin/modules/uninstall,1722530923,863651,200,request
cbd784,146.70.177.244,GET,https://catalog.digitallatin.org/admin/modules/uninstall,1722530923,863651,200,request
34d2c7,185.191.171.8,GET,https://catalog.digitallatin.org/dll-web-page/WP2231,1722530938,34d2c7,503,request
5041da,47.128.48.95,GET,https://catalog.digitallatin.org/taxonomy/term/2760?page=812,1722530984,5041da,503,request
e6f1f9,85.208.96.200,GET,https://catalog.digitallatin.org/dll-web-page/WP1218,1722530999,e6f1f9,503,request
daf1a5,66.249.70.174,GET,https://catalog.digitallatin.org/dll-author/a4494,1722531005,daf1a5,503,request
21b96d,146.70.177.244,POST,https://catalog.digitallatin.org/admin/modules/uninstall,1722531034,21b96d,303,request
862741,114.119.146.98,GET,https://catalog.digitallatin.org/dll-work/w2830,1722531042,862741,503,request
